Workbook

Sheet Raw Data
A1: Customer ID | B1: Customer Name | C1: Email | D1: Phone | E1: City | F1: Order Date | G1: Order Amount | H1: Order Status
A2: C109 | B2: Dakota Jackson | C2: dakota.jackson109@example.com | D2: 4045551109 | E2: Kennesaw | F2: 04/21/2026 | G2: 241.95 | H2: Cancelled
A3: C055 | B3: Casey Martin | C3: casey.martin55@example.com | D3: 4045551055 | E3: kennesaw | F3: 07/18/2026 | G3: 89.47 | H3: Completed
A4: C028 | B4: Kendall Moore | C4: kendall.moore28@example.com | D4: (404) 555-1028 | E4: Smyrna | F4: 06/28/2026 | G4: 261.06 | H4: Processing
A5: C004 | B5: Sydney Wilson | C5: sydney.wilson4@example.com | D5: 4045551004 | E5: Atlanta | F5: 07/09/2026 | G5: 105.24 | H5: Completed
A6: C044 | B6: Kendall White | C6: kendall.white44@example.com | D6: 4045551044 | E6: decatur | F6: 03/13/2026 | G6: 162.02 | H6: Cancelled
A7: C026 | B7: ROBIN JACKSON | C7: robin.jackson26@example.com | D7: 4045551026 | E7: Marietta | F7: 08/22/2026 | G7: 38.48 | H7: Processing
A8: C076 | B8: Robin White | D8: 4045551076 | E8: Decatur | F8: 04/24/2026 | G8: 116.07 | H8: Completed
A9: C086 | B9: Robin Moore | C9: robin.moore86@example.com | D9: 4045551086 | E9: Roswell | F9: 02/16/2026 | G9: 265.53 | H9: Completed
A10: C016 | B10: Quinn Thompson | C10: quinn.thompson16@example.com | D10: 4045551016 | E10: Douglasville | F10: Jun 23, 2026 | G10: 250.38 | H10: cancelled
A11: C125 | B11: Reese Miller | C11: reese.miller125@example.com | D11: 4045551125 | E11: Sandy Springs | F11: 03/28/2026 | G11: 174.03 | H11: Cancelled
A12: C058 | B12: Dakota Wilson | C12: dakota.wilson58@example.com | D12: 4045551058 | E12: Marietta | F12: 05/22/2026 | H12: Cancelled
A13: C127 | B13: Blake Thompson | C13: blake.thompson127@example.com | D13: 4045551127 | E13: Smyrna | F13: 09/14/2026 | G13: 149.17 | H13: Processing
A14: C036 | B14: Alex White | C14: alex.white36@example.com | D14: 404-555-1036 | E14: Marietta | F14: 2026-09-05 | G14: 186.52 | H14: Cancelled
A15: C073 | B15: Parker Taylor | C15: parker.taylor73@example.com | D15: 4045551073 | E15: Decatur | F15: 04/25/2026 | G15: 217.26 | H15: Pending
A16: C005 | B16: Drew Wilson | C16: drew.wilson5@example.com | D16: 4045551005 | E16: Sandy Springs | F16: 04/12/2026 | G16: 213.82 | H16: Processing
A17: C031 | B17: Morgan Harris | C17: morgan.harris31@example.com | D17: 4045551031 | E17: Marietta | F17: 08/13/2026 | G17: 123.49 | H17: Pending
A18: C079 | B18: Reese Anderson | C18: reese.anderson79@example.com | D18: 4045551079 | E18: Sandy Springs | F18: 03/15/2026 | G18: 95.32 | H18: Cancelled
A19: C068 | B19: Morgan Davis | C19: morgan.davis68@example.com | D19: 4045551068 | E19: Smyrna | F19: 06/19/2026 | G19: 306.23 | H19: Processing
A20: C041 | B20: Kendall Johnson | C20: kendall.johnson41@example.com | D20: 4045551041 | E20: Douglasville | F20: 03/01/2026 | G20: 45.08 | H20: Completed
A21: C062 | B21: Quinn Harris | C21: quinn.harris62@example.com | D21: 4045551062 | E21: Sandy Springs | F21: 03/11/2026 | G21: 309.8 | H21: Pending
A22: C126 | B22: Riley Taylor | C22: riley.taylor126@example.com | D22: (404) 555-1126 | E22: Marietta | F22: 2026-08-07 | G22: 221.79 | H22: PENDING
A23: C027 | B23: Blake Johnson | C23: blake.johnson27@example.com | D23: 404-555-1027 | E23: Kennesaw | F23: 2026-02-18 | G23: 156.72 | H23: Completed
A24: C100 | B24: Alex Jackson | C24: alex.jackson100@example.com | D24: 4045551100 | E24: Smyrna | F24: 07/09/2026 | G24: 287.4 | H24: Processing
... A44: C112 | B44: Reese Harris | C44: reese.harris112@example.com | D44: (404) 555-1112 | E44: Douglasville | F44: May 21, 2026 | G44: 270.66 | H44: cancelled
A45: C038 | B45: Quinn Harris | D45: 4045551038 | E45: Sandy Springs | F45: 09/25/2026 | G45: 26.07 | H45: Processing
A46: C082 | B46: Quinn Harris | C46: quinn.harris82@example.com | D46: 4045551082 | E46: Decatur | F46: 07/27/2026 | G46: 264.96 | H46: Completed
A47: C118 | B47: Alex Thompson | C47: alex.thompson118@example.com | D47: 4045551118 | E47: Marietta | F47: 03/18/2026 | G47: 228.4 | H47: Completed
A48: C080 | B48: Taylor Davis | C48: taylor.davis80@example.com | D48: 4045551080 | E48: Decatur | F48: May 04, 2026 | G48: 140.69 | H48: completed
A49: C042 | B49: Kendall Taylor | C49: kendall.taylor42@example.com | D49: (404) 555-1042 | E49: Kennesaw | F49: 2026-07-24 | G49: 95.97 | H49: COMPLETED
A50: C066 | B50: Jordan Harris | C50: jordan.harris66@example.com | D50: 4045551066 | E50: douglasville | F50: 2026-09-24 | G50: 22.87 | H50: Processing
A51: C049 | B51: Kendall White | C51: kendall.white49@example.com | D51: (404) 555-1049 | E51: Kennesaw | F51: 04/16/2026 | G51: 226.45 | H51: Processing
A52: C070 | B52: Riley Jackson | C52: riley.jackson70@example.com | D52: (404) 555-1070 | E52: Atlanta | F52: 03/26/2026 | G52: 254.93 | H52: Cancelled
A53: C009 | B53: Robin Martin | C53: robin.martin9@example.com | D53: 404-555-1009 | E53: Kennesaw | F53: 2026-04-04 | G53: 278.62 | H53: Cancelled
A54: C076 | B54: Robin White | D54: 4045551076 | E54: Decatur | F54: 04/24/2026 | G54: 116.07 | H54: Completed
A55: C069 | B55: Casey Anderson | C55: casey.anderson69@example.com | D55: 4045551069 | E55: ATL | F55: 2026-04-05 | G55: 18.15 | H55: Pending
A56: C072 | B56: Drew Thompson | C56: drew.thompson72@example.com | D56: 404-555-1072 | E56: Decatur | F56: 2026-05-25 | G56: 221.76 | H56: processing
A57: C106 | B57: Jordan Davis | C57: jordan.davis106@example.com | D57: 4045551106 | E57: Marietta | F57: 02/03/2026 | G57: 30.52 | H57: Cancelled
A58: C056 | B58: Reese White | C58: reese.white56@example.com | D58: (404) 555-1056 | E58: Kennesaw | F58: 09/18/2026 | G58: 157.88 | H58: completed
A59: C134 | B59: Jamie Anderson | C59: jamie.anderson134@example.com | D59: 4045551134 | E59: Atlanta | F59: 07/16/2026 | G59: 215.12 | H59: Completed
A60: C067 | B60: Riley Taylor | C60: riley.taylor67@example.com | D60: 4045551067 | E60: Marietta | F60: 01/21/2026 | G60: 138.97 | H60: Cancelled
A61: C103 | B61: Quinn Wilson | C61: quinn.wilson103@example.com | D61: 4045551103 | E61: Marietta | F61: 02/08/2026 | G61: 15.63 | H61: Completed
A62: C029 | B62: Reese Johnson | C62: reese.johnson29@example.com | D62: 4045551029 | E62: Douglasville | F62: 05/17/2026 | H62: Processing
A63: C108 | B63: Alex Williams | C63: alex.williams108@example.com | D63: 404-555-1108 | E63: Decatur | F63: 2026-03-24 | G63: 236.5 | H63: Cancelled
A64: C001 | B64: Morgan Harris | C64: morgan.harris1@example.com | D64: 4045551001 | E64: Marietta | F64: 06/23/2026 | G64: 197.23 | H64: Completed
A65: C060 | B65: Reese Jackson | C65: reese.jackson60@example.com | D65: 4045551060 | E65: Kennesaw | F65: 2026-05-15 | G65: 341.31 | H65: Completed
A66: C065 | B66: SYDNEY THOMPSON | C66: sydney.thompson65@example.com | D66: 4045551065 | E66: Smyrna | F66: 07/03/2026 | G66: 210.43 | H66: Cancelled
A67: C030 | B67: Cameron Anderson | C67: cameron.anderson30@example.com | D67: 4045551030 | E67: Sandy Springs | F67: 2026-04-17 | G67: 300.53 | H67: Pending
A68: C105 | B68: Blake Harris | C68: blake.harris105@example.com | D68: (404) 555-1105 | E68: Roswell | F68: 2026-08-22 | G68: 162.11 | H68: PROCESSING
A69: C116 | B69: Kendall Williams | C69: kendall.williams116@example.com | D69: 4045551116 | E69: Sandy Springs | F69: 02/10/2026 | H69: Processing
A70: C006 | B70: Cameron Moore | C70: cameron.moore6@example.com | D70: 4045551006 | E70: Roswell | F70: 2026-03-15 | G70: 334.3 | H70: Processing
A71: C092 | B71: Parker Jackson | C71: parker.jackson92@example.com | D71: 4045551092 | E71: ATL | F71: 04/21/2026 | G71: 148.49 | H71: Cancelled
A72: C047 | B72: Jamie Thomas | C72: jamie.thomas47@example.com | D72: 4045551047 | E72: Atlanta | F72: 05/18/2026 | G72: 21.65 | H72: Pending
A73: C075 | B73: Dakota Miller | C73: dakota.miller75@example.com | D73: 4045551075 | E73: Kennesaw | F73: 2026-08-03 | G73: 145.3 | H73: Completed
A74: C130 | B74: ROBIN WILLIAMS | C74: robin.williams130@example.com | D74: 4045551130 | E74: Sandy Springs | F74: 05/17/2026 | G74: 343.08 | H74: Processing
A75: C114 | B75: Kendall Martin | D75: 4045551114 | E75: Smyrna | F75: 2026-04-06 | G75: 172.53 | H75: Processing
A76: C136 | B76: Devin Johnson | C76: devin.johnson136@example.com | D76: 4045551136 | E76: Roswell | F76: 01/20/2026 | G76: 124.27 | H76: pending
A77: C140 | B77: Alex Williams | C77: alex.williams140@example.com | D77: (404) 555-1140 | E77: Smyrna | F77: 09/20/2026 | G77: 250.12 | H77: Processing
A78: C088 | B78: Cameron Harris | C78: cameron.harris88@example.com | D78: 4045551088 | E78: atlanta | F78: 06/19/2026 | G78: 62.18 | H78: processing
A79: C095 | B79: Riley Martin | D79: 4045551095 | E79: Marietta | F79: 04/13/2026 | G79: 208.35 | H79: Pending
A80: C035 | B80: Sydney White | C80: sydney.white35@example.com | D80: (404) 555-1035 | E80: Kennesaw | F80: 02/15/2026 | G80: 349.18 | H80: Cancelled
A81: C033 | B81: Parker Thompson | C81: parker.thompson33@example.com | D81: 4045551033 | E81: roswell | F81: 2026-09-24 | G81: 30.98 | H81: Cancelled
A82: C115 | B82: Cameron Moore | C82: cameron.moore115@example.com | D82: 4045551115 | E82: ATL | F82: 07/22/2026 | G82: 270.91 | H82: Cancelled
A83: C011 | B83: Taylor Johnson | C83: taylor.johnson11@example.com | D83: 4045551011 | E83: smyrna | F83: 05/23/2026 | G83: 136.22 | H83: Processing
A84: C121 | B84: Blake Jackson | C84: blake.jackson121@example.com | D84: 4045551121 | E84: sandy springs | F84: 08/19/2026 | G84: 263.58 | H84: Pending
A85: C094 | B85: Devin White | C85: devin.white94@example.com | D85: 4045551094 | E85: Douglasville | F85: 08/24/2026 | G85: 244.37 | H85: Processing
A86: C020 | B86: Blake Williams | C86: blake.williams20@example.com | D86: 4045551020 | E86: Decatur | F86: 06/24/2026 | G86: 25.14 | H86: Completed
A87: C032 | B87: Reese Taylor | C87: reese.taylor32@example.com | D87: 4045551032 | E87: Decatur | F87: Feb 10, 2026 | G87: 194.28 | H87: completed
A88: C099 | B88: Kendall Davis | C88: kendall.davis99@example.com | D88: 404-555-1099 | E88: roswell | F88: 2026-05-17 | G88: 298.58 | H88: Completed
A89: C064 | B89: Reese Moore | C89: reese.moore64@example.com | D89: 4045551064 | E89: Sandy Springs | F89: Jul 06, 2026 | G89: 276.56 | H89: completed
A90: C101 | B90: Reese Miller | C90: reese.miller101@example.com | D90: 4045551101 | E90: Decatur | F90: 05/22/2026 | G90: 102.57 | H90: Completed
A91: C120 | B91: Blake Thompson | C91: blake.thompson120@example.com | D91: 4045551120 | E91: Decatur | F91: 2026-01-21 | G91: 116.32 | H91: completed
... A113: C031 | B113: Morgan Harris | C113: morgan.harris31@example.com | D113: 4045551031 | E113: Marietta | F113: 08/13/2026 | G113: 123.49 | H113: Pending
A114: C133 | B114: Drew Thompson | D114: (404) 555-1133 | E114: Douglasville | F114: 09/07/2026 | G114: 144.68 | H114: Cancelled
A115: C087 | B115: Dakota Moore | C115: dakota.moore87@example.com | D115: 4045551087 | E115: Douglasville | F115: 2026-05-06 | H115: Cancelled
A116: C052 | B116: REESE WHITE | C116: reese.white52@example.com | D116: 4045551052 | E116: Smyrna | F116: 05/26/2026 | G116: 316.78 | H116: Completed
A117: C037 | B117: Avery Anderson | C117: avery.anderson37@example.com | D117: 4045551037 | E117: Douglasville | F117: 05/21/2026 | G117: 75.22 | H117: Pending
A118: C057 | B118: Taylor Martin | D118: 4045551057 | E118: Atlanta | F118: 2026-02-23 | G118: 294.05 | H118: Processing
A119: C010 | B119: Robin White | C119: robin.white10@example.com | D119: 4045551010 | E119: Douglasville | F119: 05/15/2026 | G119: 126.71 | H119: Cancelled
A120: C131 | B120: Reese Harris | C120: reese.harris131@example.com | D120: 4045551131 | E120: Sandy Springs | F120: 04/01/2026 | G120: 138.95 | H120: Completed
A121: C135 | B121: Blake Moore | C121: blake.moore135@example.com | D121: 404-555-1135 | E121: Smyrna | F121: 2026-08-06 | G121: 109.93 | H121: Processing
A122: C084 | B122: Dakota Brown | C122: dakota.brown84@example.com | D122: (404) 555-1084 | E122: Decatur | F122: 2026-05-07 | G122: 334.37 | H122: PROCESSING
A123: C014 | B123: Kendall Martin | C123: kendall.martin14@example.com | D123: (404) 555-1014 | E123: Decatur | F123: 02/11/2026 | G123: 292.79 | H123: Processing
A124: C122 | B124: Devin White | C124: devin.white122@example.com | D124: 4045551122 | E124: Douglasville | F124: 07/01/2026 | G124: 283.16 | H124: Processing
A125: C090 | B125: Cameron Wilson | C125: cameron.wilson90@example.com | D125: 404-555-1090 | E125: Douglasville | F125: 2026-05-12 | G125: 39.82 | H125: Completed
A126: C048 | B126: Devin Davis | C126: devin.davis48@example.com | D126: 4045551048 | E126: Atlanta | F126: Jun 21, 2026 | G126: 85.82 | H126: completed
A127: C022 | B127: Taylor Wilson | C127: taylor.wilson22@example.com | D127: 4045551022 | E127: roswell | F127: 06/24/2026 | G127: 18.9 | H127: Pending
A128: C105 | B128: Blake Harris | C128: blake.harris105@example.com | D128: (404) 555-1105 | E128: Roswell | F128: 2026-08-22 | G128: 162.11 | H128: PROCESSING
A129: C129 | B129: Blake Thompson | C129: blake.thompson129@example.com | D129: 4045551129 | E129: Kennesaw | F129: 2026-06-20 | G129: 37.28 | H129: Pending
A130: C015 | B130: Parker Thomas | C130: parker.thomas15@example.com | D130: 4045551015 | E130: Decatur | F130: 2026-01-17 | G130: 222.88 | H130: Processing
... A149: C117 | B149: PARKER MARTIN | C149: parker.martin117@example.com | D149: 404-555-1117 | E149: Smyrna | F149: 2026-02-14 | G149: 243.54 | H149: Cancelled
A150: C019 | B150: Parker Martin | D150: 4045551019 | E150: Douglasville | F150: 04/17/2026 | G150: 204.08 | H150: Completed
A151: C007 | B151: Taylor Williams | C151: taylor.williams7@example.com | D151: (404) 555-1007 | E151: Roswell | F151: 07/02/2026 | G151: 141.43 | H151: Processing

Sheet Cleaned Data
A1: Customer ID | B1: Customer Name | C1: Email | D1: Phone | E1: City | F1: Order Date | G1: Order Amount | H1: Order Status | I1: Duplicate Check | J1: Exact Duplicate Check | K1: Data Quality Status
A2: C051 | B2: Morgan Brown | C2: morgan.brown51@example.com | D2: (404) 555-1051 | E2: Decatur | F2: 46027 | G2: 48.14 | H2: Processing | I2: =COUNTIF($A$2:$A$141,A2) -> 1 | J2: =COUNTIFS(A$2:A2,A2,B$2:B2,B2,C$2:C2,IF(C2="","=",C2),D$2:D2,IF(D2="","=",D2),E$2:E2,IF(E2="","=",E2),F$2:F2,F2,G$2:G2,IF(G2="","=",G2),H$2:H2,H2) -> 1 | K2: =IF(OR(C2="",G2="",NOT(ISNUMBER(G2)),AND(ISNUMBER(G2),G2<=0)),"Needs Review","Valid") -> Valid
A3: C074 | B3: Sam Williams | C3: sam.williams74@example.com | D3: (404) 555-1074 | E3: Decatur | F3: 46028 | G3: 75.96 | H3: Completed | I3: =COUNTIF($A$2:$A$141,A3) -> 1 | J3: =COUNTIFS(A$2:A3,A3,B$2:B3,B3,C$2:C3,IF(C3="","=",C3),D$2:D3,IF(D3="","=",D3),E$2:E3,IF(E3="","=",E3),F$2:F3,F3,G$2:G3,IF(G3="","=",G3),H$2:H3,H3) -> 1 | K3: =IF(OR(C3="",G3="",NOT(ISNUMBER(G3)),AND(ISNUMBER(G3),G3<=0)),"Needs Review","Valid") -> Valid
A4: C015 | B4: Parker Thomas | C4: parker.thomas15@example.com | D4: (404) 555-1015 | E4: Decatur | F4: 46039 | G4: 222.88 | H4: Processing | I4: =COUNTIF($A$2:$A$141,A4) -> 1 | J4: =COUNTIFS(A$2:A4,A4,B$2:B4,B4,C$2:C4,IF(C4="","=",C4),D$2:D4,IF(D4="","=",D4),E$2:E4,IF(E4="","=",E4),F$2:F4,F4,G$2:G4,IF(G4="","=",G4),H$2:H4,H4) -> 1 | K4: =IF(OR(C4="",G4="",NOT(ISNUMBER(G4)),AND(ISNUMBER(G4),G4<=0)),"Needs Review","Valid") -> Valid
A5: C077 | B5: Parker Brown | C5: parker.brown77@example.com | D5: (404) 555-1077 | E5: Sandy Springs | F5: 46040 | G5: 319.39 | H5: Processing | I5: =COUNTIF($A$2:$A$141,A5) -> 1 | J5: =COUNTIFS(A$2:A5,A5,B$2:B5,B5,C$2:C5,IF(C5="","=",C5),D$2:D5,IF(D5="","=",D5),E$2:E5,IF(E5="","=",E5),F$2:F5,F5,G$2:G5,IF(G5="","=",G5),H$2:H5,H5) -> 1 | K5: =IF(OR(C5="",G5="",NOT(ISNUMBER(G5)),AND(ISNUMBER(G5),G5<=0)),"Needs Review","Valid") -> Valid
A6: C136 | B6: Devin Johnson | C6: devin.johnson136@example.com | D6: (404) 555-1136 | E6: Roswell | F6: 46042 | G6: 124.27 | H6: pending | I6: =COUNTIF($A$2:$A$141,A6) -> 1 | J6: =COUNTIFS(A$2:A6,A6,B$2:B6,B6,C$2:C6,IF(C6="","=",C6),D$2:D6,IF(D6="","=",D6),E$2:E6,IF(E6="","=",E6),F$2:F6,F6,G$2:G6,IF(G6="","=",G6),H$2:H6,H6) -> 1 | K6: =IF(OR(C6="",G6="",NOT(ISNUMBER(G6)),AND(ISNUMBER(G6),G6<=0)),"Needs Review","Valid") -> Valid
A7: C120 | B7: Blake Thompson | C7: blake.thompson120@example.com | D7: (404) 555-1120 | E7: Decatur | F7: 46043 | G7: 116.32 | H7: completed | I7: =COUNTIF($A$2:$A$141,A7) -> 1 | J7: =COUNTIFS(A$2:A7,A7,B$2:B7,B7,C$2:C7,IF(C7="","=",C7),D$2:D7,IF(D7="","=",D7),E$2:E7,IF(E7="","=",E7),F$2:F7,F7,G$2:G7,IF(G7="","=",G7),H$2:H7,H7) -> 1 | K7: =IF(OR(C7="",G7="",NOT(ISNUMBER(G7)),AND(ISNUMBER(G7),G7<=0)),"Needs Review","Valid") -> Valid
A8: C067 | B8: Riley Taylor | C8: riley.taylor67@example.com | D8: (404) 555-1067 | E8: Marietta | F8: 46043 | G8: 138.97 | H8: Cancelled | I8: =COUNTIF($A$2:$A$141,A8) -> 1 | J8: =COUNTIFS(A$2:A8,A8,B$2:B8,B8,C$2:C8,IF(C8="","=",C8),D$2:D8,IF(D8="","=",D8),E$2:E8,IF(E8="","=",E8),F$2:F8,F8,G$2:G8,IF(G8="","=",G8),H$2:H8,H8) -> 1 | K8: =IF(OR(C8="",G8="",NOT(ISNUMBER(G8)),AND(ISNUMBER(G8),G8<=0)),"Needs Review","Valid") -> Valid
A9: C104 | B9: Parker Jackson | C9: parker.jackson104@example.com | D9: (404) 555-1104 | E9: Decatur | F9: 46048 | G9: 116.35 | H9: cancelled | I9: =COUNTIF($A$2:$A$141,A9) -> 1 | J9: =COUNTIFS(A$2:A9,A9,B$2:B9,B9,C$2:C9,IF(C9="","=",C9),D$2:D9,IF(D9="","=",D9),E$2:E9,IF(E9="","=",E9),F$2:F9,F9,G$2:G9,IF(G9="","=",G9),H$2:H9,H9) -> 1 | K9: =IF(OR(C9="",G9="",NOT(ISNUMBER(G9)),AND(ISNUMBER(G9),G9<=0)),"Needs Review","Valid") -> Valid
A10: C017 | B10: Dakota Brown | C10: dakota.brown17@example.com | D10: (404) 555-1017 | E10: Smyrna | F10: 46050 | G10: 295.43 | H10: Cancelled | I10: =COUNTIF($A$2:$A$141,A10) -> 1 | J10: =COUNTIFS(A$2:A10,A10,B$2:B10,B10,C$2:C10,IF(C10="","=",C10),D$2:D10,IF(D10="","=",D10),E$2:E10,IF(E10="","=",E10),F$2:F10,F10,G$2:G10,IF(G10="","=",G10),H$2:H10,H10) -> 1 | K10: =IF(OR(C10="",G10="",NOT(ISNUMBER(G10)),AND(ISNUMBER(G10),G10<=0)),"Needs Review","Valid") -> Valid
A11: C106 | B11: Jordan Davis | C11: jordan.davis106@example.com | D11: (404) 555-1106 | E11: Marietta | F11: 46056 | G11: 30.52 | H11: Cancelled | I11: =COUNTIF($A$2:$A$141,A11) -> 1 | J11: =COUNTIFS(A$2:A11,A11,B$2:B11,B11,C$2:C11,IF(C11="","=",C11),D$2:D11,IF(D11="","=",D11),E$2:E11,IF(E11="","=",E11),F$2:F11,F11,G$2:G11,IF(G11="","=",G11),H$2:H11,H11) -> 1 | K11: =IF(OR(C11="",G11="",NOT(ISNUMBER(G11)),AND(ISNUMBER(G11),G11<=0)),"Needs Review","Valid") -> Valid
A12: C103 | B12: Quinn Wilson | C12: quinn.wilson103@example.com | D12: (404) 555-1103 | E12: Marietta | F12: 46061 | G12: 15.63 | H12: Completed | I12: =COUNTIF($A$2:$A$141,A12) -> 1 | J12: =COUNTIFS(A$2:A12,A12,B$2:B12,B12,C$2:C12,IF(C12="","=",C12),D$2:D12,IF(D12="","=",D12),E$2:E12,IF(E12="","=",E12),F$2:F12,F12,G$2:G12,IF(G12="","=",G12),H$2:H12,H12) -> 1 | K12: =IF(OR(C12="",G12="",NOT(ISNUMBER(G12)),AND(ISNUMBER(G12),G12<=0)),"Needs Review","Valid") -> Valid
A13: C081 | B13: Morgan Williams | C13: morgan.williams81@example.com | D13: (404) 555-1081 | E13: Douglasville | F13: 46061 | G13: 68.23 | H13: Completed | I13: =COUNTIF($A$2:$A$141,A13) -> 1 | J13: =COUNTIFS(A$2:A13,A13,B$2:B13,B13,C$2:C13,IF(C13="","=",C13),D$2:D13,IF(D13="","=",D13),E$2:E13,IF(E13="","=",E13),F$2:F13,F13,G$2:G13,IF(G13="","=",G13),H$2:H13,H13) -> 1 | K13: =IF(OR(C13="",G13="",NOT(ISNUMBER(G13)),AND(ISNUMBER(G13),G13<=0)),"Needs Review","Valid") -> Valid
A14: C116 | B14: Kendall Williams | C14: kendall.williams116@example.com | D14: (404) 555-1116 | E14: Sandy Springs | F14: 46063 | H14: Processing | I14: =COUNTIF($A$2:$A$141,A14) -> 1 | J14: =COUNTIFS(A$2:A14,A14,B$2:B14,B14,C$2:C14,IF(C14="","=",C14),D$2:D14,IF(D14="","=",D14),E$2:E14,IF(E14="","=",E14),F$2:F14,F14,G$2:G14,IF(G14="","=",G14),H$2:H14,H14) -> 1 | K14: =IF(OR(C14="",G14="",NOT(ISNUMBER(G14)),AND(ISNUMBER(G14),G14<=0)),"Needs Review","Valid") -> Needs Review
A15: C032 | B15: Reese Taylor | C15: reese.taylor32@example.com | D15: (404) 555-1032 | E15: Decatur | F15: 46063 | G15: 194.28 | H15: completed | I15: =COUNTIF($A$2:$A$141,A15) -> 1 | J15: =COUNTIFS(A$2:A15,A15,B$2:B15,B15,C$2:C15,IF(C15="","=",C15),D$2:D15,IF(D15="","=",D15),E$2:E15,IF(E15="","=",E15),F$2:F15,F15,G$2:G15,IF(G15="","=",G15),H$2:H15,H15) -> 1 | K15: =IF(OR(C15="",G15="",NOT(ISNUMBER(G15)),AND(ISNUMBER(G15),G15<=0)),"Needs Review","Valid") -> Valid
A16: C014 | B16: Kendall Martin | C16: kendall.martin14@example.com | D16: (404) 555-1014 | E16: Decatur | F16: 46064 | G16: 292.79 | H16: Processing | I16: =COUNTIF($A$2:$A$141,A16) -> 1 | J16: =COUNTIFS(A$2:A16,A16,B$2:B16,B16,C$2:C16,IF(C16="","=",C16),D$2:D16,IF(D16="","=",D16),E$2:E16,IF(E16="","=",E16),F$2:F16,F16,G$2:G16,IF(G16="","=",G16),H$2:H16,H16) -> 1 | K16: =IF(OR(C16="",G16="",NOT(ISNUMBER(G16)),AND(ISNUMBER(G16),G16<=0)),"Needs Review","Valid") -> Valid
A17: C012 | B17: Sydney Miller | C17: sydney.miller12@example.com | D17: (404) 555-1012 | E17: Marietta | F17: 46067 | G17: 345.33 | H17: Pending | I17: =COUNTIF($A$2:$A$141,A17) -> 1 | J17: =COUNTIFS(A$2:A17,A17,B$2:B17,B17,C$2:C17,IF(C17="","=",C17),D$2:D17,IF(D17="","=",D17),E$2:E17,IF(E17="","=",E17),F$2:F17,F17,G$2:G17,IF(G17="","=",G17),H$2:H17,H17) -> 1 | K17: =IF(OR(C17="",G17="",NOT(ISNUMBER(G17)),AND(ISNUMBER(G17),G17<=0)),"Needs Review","Valid") -> Valid
A18: C117 | B18: Parker Martin | C18: parker.martin117@example.com | D18: (404) 555-1117 | E18: Smyrna | F18: 46067 | G18: 243.54 | H18: Cancelled | I18: =COUNTIF($A$2:$A$141,A18) -> 1 | J18: =COUNTIFS(A$2:A18,A18,B$2:B18,B18,C$2:C18,IF(C18="","=",C18),D$2:D18,IF(D18="","=",D18),E$2:E18,IF(E18="","=",E18),F$2:F18,F18,G$2:G18,IF(G18="","=",G18),H$2:H18,H18) -> 1 | K18: =IF(OR(C18="",G18="",NOT(ISNUMBER(G18)),AND(ISNUMBER(G18),G18<=0)),"Needs Review","Valid") -> Valid
A19: C035 | B19: Sydney White | C19: sydney.white35@example.com | D19: (404) 555-1035 | E19: Kennesaw | F19: 46068 | G19: 349.18 | H19: Cancelled | I19: =COUNTIF($A$2:$A$141,A19) -> 1 | J19: =COUNTIFS(A$2:A19,A19,B$2:B19,B19,C$2:C19,IF(C19="","=",C19),D$2:D19,IF(D19="","=",D19),E$2:E19,IF(E19="","=",E19),F$2:F19,F19,G$2:G19,IF(G19="","=",G19),H$2:H19,H19) -> 1 | K19: =IF(OR(C19="",G19="",NOT(ISNUMBER(G19)),AND(ISNUMBER(G19),G19<=0)),"Needs Review","Valid") -> Valid
A20: C086 | B20: Robin Moore | C20: robin.moore86@example.com | D20: (404) 555-1086 | E20: Roswell | F20: 46069 | G20: 265.53 | H20: Completed | I20: =COUNTIF($A$2:$A$141,A20) -> 1 | J20: =COUNTIFS(A$2:A20,A20,B$2:B20,B20,C$2:C20,IF(C20="","=",C20),D$2:D20,IF(D20="","=",D20),E$2:E20,IF(E20="","=",E20),F$2:F20,F20,G$2:G20,IF(G20="","=",G20),H$2:H20,H20) -> 1 | K20: =IF(OR(C20="",G20="",NOT(ISNUMBER(G20)),AND(ISNUMBER(G20),G20<=0)),"Needs Review","Valid") -> Valid
A21: C027 | B21: Blake Johnson | C21: blake.johnson27@example.com | D21: (404) 555-1027 | E21: Kennesaw | F21: 46071 | G21: 156.72 | H21: Completed | I21: =COUNTIF($A$2:$A$141,A21) -> 1 | J21: =COUNTIFS(A$2:A21,A21,B$2:B21,B21,C$2:C21,IF(C21="","=",C21),D$2:D21,IF(D21="","=",D21),E$2:E21,IF(E21="","=",E21),F$2:F21,F21,G$2:G21,IF(G21="","=",G21),H$2:H21,H21) -> 1 | K21: =IF(OR(C21="",G21="",NOT(ISNUMBER(G21)),AND(ISNUMBER(G21),G21<=0)),"Needs Review","Valid") -> Valid
A22: C057 | B22: Taylor Martin | D22: (404) 555-1057 | E22: Atlanta | F22: 46076 | G22: 294.05 | H22: Processing | I22: =COUNTIF($A$2:$A$141,A22) -> 1 | J22: =COUNTIFS(A$2:A22,A22,B$2:B22,B22,C$2:C22,IF(C22="","=",C22),D$2:D22,IF(D22="","=",D22),E$2:E22,IF(E22="","=",E22),F$2:F22,F22,G$2:G22,IF(G22="","=",G22),H$2:H22,H22) -> 1 | K22: =IF(OR(C22="",G22="",NOT(ISNUMBER(G22)),AND(ISNUMBER(G22),G22<=0)),"Needs Review","Valid") -> Needs Review
A23: C041 | B23: Kendall Johnson | C23: kendall.johnson41@example.com | D23: (404) 555-1041 | E23: Douglasville | F23: 46082 | G23: 45.08 | H23: Completed | I23: =COUNTIF($A$2:$A$141,A23) -> 1 | J23: =COUNTIFS(A$2:A23,A23,B$2:B23,B23,C$2:C23,IF(C23="","=",C23),D$2:D23,IF(D23="","=",D23),E$2:E23,IF(E23="","=",E23),F$2:F23,F23,G$2:G23,IF(G23="","=",G23),H$2:H23,H23) -> 1 | K23: =IF(OR(C23="",G23="",NOT(ISNUMBER(G23)),AND(ISNUMBER(G23),G23<=0)),"Needs Review","Valid") -> Valid
A24: C021 | B24: Dakota Harris | C24: dakota.harris21@example.com | D24: (404) 555-1021 | E24: Douglasville | F24: 46085 | G24: 153.69 | H24: PENDING | I24: =COUNTIF($A$2:$A$141,A24) -> 1 | J24: =COUNTIFS(A$2:A24,A24,B$2:B24,B24,C$2:C24,IF(C24="","=",C24),D$2:D24,IF(D24="","=",D24),E$2:E24,IF(E24="","=",E24),F$2:F24,F24,G$2:G24,IF(G24="","=",G24),H$2:H24,H24) -> 1 | K24: =IF(OR(C24="",G24="",NOT(ISNUMBER(G24)),AND(ISNUMBER(G24),G24<=0)),"Needs Review","Valid") -> Valid
A25: C124 | B25: Devin Miller | C25: devin.miller124@example.com | D25: (404) 555-1124 | E25: Kennesaw | F25: 46088 | G25: 178.5 | H25: Completed | I25: =COUNTIF($A$2:$A$141,A25) -> 1 | J25: =COUNTIFS(A$2:A25,A25,B$2:B25,B25,C$2:C25,IF(C25="","=",C25),D$2:D25,IF(D25="","=",D25),E$2:E25,IF(E25="","=",E25),F$2:F25,F25,G$2:G25,IF(G25="","=",G25),H$2:H25,H25) -> 1 | K25: =IF(OR(C25="",G25="",NOT(ISNUMBER(G25)),AND(ISNUMBER(G25),G25<=0)),"Needs Review","Valid") -> Valid
A26: C062 | B26: Quinn Harris | C26: quinn.harris62@example.com | D26: (404) 555-1062 | E26: Sandy Springs | F26: 46092 | G26: 309.8 | H26: Pending | I26: =COUNTIF($A$2:$A$141,A26) -> 1 | J26: =COUNTIFS(A$2:A26,A26,B$2:B26,B26,C$2:C26,IF(C26="","=",C26),D$2:D26,IF(D26="","=",D26),E$2:E26,IF(E26="","=",E26),F$2:F26,F26,G$2:G26,IF(G26="","=",G26),H$2:H26,H26) -> 1 | K26: =IF(OR(C26="",G26="",NOT(ISNUMBER(G26)),AND(ISNUMBER(G26),G26<=0)),"Needs Review","Valid") -> Valid
A27: C044 | B27: Kendall White | C27: kendall.white44@example.com | D27: (404) 555-1044 | E27: Decatur | F27: 46094 | G27: 162.02 | H27: Cancelled | I27: =COUNTIF($A$2:$A$141,A27) -> 1 | J27: =COUNTIFS(A$2:A27,A27,B$2:B27,B27,C$2:C27,IF(C27="","=",C27),D$2:D27,IF(D27="","=",D27),E$2:E27,IF(E27="","=",E27),F$2:F27,F27,G$2:G27,IF(G27="","=",G27),H$2:H27,H27) -> 1 | K27: =IF(OR(C27="",G27="",NOT(ISNUMBER(G27)),AND(ISNUMBER(G27),G27<=0)),"Needs Review","Valid") -> Valid
A28: C079 | B28: Reese Anderson | C28: reese.anderson79@example.com | D28: (404) 555-1079 | E28: Sandy Springs | F28: 46096 | G28: 95.32 | H28: Cancelled | I28: =COUNTIF($A$2:$A$141,A28) -> 1 | J28: =COUNTIFS(A$2:A28,A28,B$2:B28,B28,C$2:C28,IF(C28="","=",C28),D$2:D28,IF(D28="","=",D28),E$2:E28,IF(E28="","=",E28),F$2:F28,F28,G$2:G28,IF(G28="","=",G28),H$2:H28,H28) -> 1 | K28: =IF(OR(C28="",G28="",NOT(ISNUMBER(G28)),AND(ISNUMBER(G28),G28<=0)),"Needs Review","Valid") -> Valid
A29: C053 | B29: Reese Martin | C29: reese.martin53@example.com | D29: (404) 555-1053 | E29: Douglasville | F29: 46096 | G29: 324.41 | H29: Pending | I29: =COUNTIF($A$2:$A$141,A29) -> 1 | J29: =COUNTIFS(A$2:A29,A29,B$2:B29,B29,C$2:C29,IF(C29="","=",C29),D$2:D29,IF(D29="","=",D29),E$2:E29,IF(E29="","=",E29),F$2:F29,F29,G$2:G29,IF(G29="","=",G29),H$2:H29,H29) -> 1 | K29: =IF(OR(C29="",G29="",NOT(ISNUMBER(G29)),AND(ISNUMBER(G29),G29<=0)),"Needs Review","Valid") -> Valid
A30: C006 | B30: Cameron Moore | C30: cameron.moore6@example.com | D30: (404) 555-1006 | E30: Roswell | F30: 46096 | G30: 334.3 | H30: Processing | I30: =COUNTIF($A$2:$A$141,A30) -> 1 | J30: =COUNTIFS(A$2:A30,A30,B$2:B30,B30,C$2:C30,IF(C30="","=",C30),D$2:D30,IF(D30="","=",D30),E$2:E30,IF(E30="","=",E30),F$2:F30,F30,G$2:G30,IF(G30="","=",G30),H$2:H30,H30) -> 1 | K30: =IF(OR(C30="",G30="",NOT(ISNUMBER(G30)),AND(ISNUMBER(G30),G30<=0)),"Needs Review","Valid") -> Valid
A31: C118 | B31: Alex Thompson | C31: alex.thompson118@example.com | D31: (404) 555-1118 | E31: Marietta | F31: 46099 | G31: 228.4 | H31: Completed | I31: =COUNTIF($A$2:$A$141,A31) -> 1 | J31: =COUNTIFS(A$2:A31,A31,B$2:B31,B31,C$2:C31,IF(C31="","=",C31),D$2:D31,IF(D31="","=",D31),E$2:E31,IF(E31="","=",E31),F$2:F31,F31,G$2:G31,IF(G31="","=",G31),H$2:H31,H31) -> 1 | K31: =IF(OR(C31="",G31="",NOT(ISNUMBER(G31)),AND(ISNUMBER(G31),G31<=0)),"Needs Review","Valid") -> Valid
A32: C108 | B32: Alex Williams | C32: alex.williams108@example.com | D32: (404) 555-1108 | E32: Decatur | F32: 46105 | G32: 236.5 | H32: Cancelled | I32: =COUNTIF($A$2:$A$141,A32) -> 1 | J32: =COUNTIFS(A$2:A32,A32,B$2:B32,B32,C$2:C32,IF(C32="","=",C32),D$2:D32,IF(D32="","=",D32),E$2:E32,IF(E32="","=",E32),F$2:F32,F32,G$2:G32,IF(G32="","=",G32),H$2:H32,H32) -> 1 | K32: =IF(OR(C32="",G32="",NOT(ISNUMBER(G32)),AND(ISNUMBER(G32),G32<=0)),"Needs Review","Valid") -> Valid
A33: C070 | B33: Riley Jackson | C33: riley.jackson70@example.com | D33: (404) 555-1070 | E33: Atlanta | F33: 46107 | G33: 254.93 | H33: Cancelled | I33: =COUNTIF($A$2:$A$141,A33) -> 1 | J33: =COUNTIFS(A$2:A33,A33,B$2:B33,B33,C$2:C33,IF(C33="","=",C33),D$2:D33,IF(D33="","=",D33),E$2:E33,IF(E33="","=",E33),F$2:F33,F33,G$2:G33,IF(G33="","=",G33),H$2:H33,H33) -> 1 | K33: =IF(OR(C33="",G33="",NOT(ISNUMBER(G33)),AND(ISNUMBER(G33),G33<=0)),"Needs Review","Valid") -> Valid
A34: C125 | B34: Reese Miller | C34: reese.miller125@example.com | D34: (404) 555-1125 | E34: Sandy Springs | F34: 46109 | G34: 174.03 | H34: Cancelled | I34: =COUNTIF($A$2:$A$141,A34) -> 1 | J34: =COUNTIFS(A$2:A34,A34,B$2:B34,B34,C$2:C34,IF(C34="","=",C34),D$2:D34,IF(D34="","=",D34),E$2:E34,IF(E34="","=",E34),F$2:F34,F34,G$2:G34,IF(G34="","=",G34),H$2:H34,H34) -> 1 | K34: =IF(OR(C34="",G34="",NOT(ISNUMBER(G34)),AND(ISNUMBER(G34),G34<=0)),"Needs Review","Valid") -> Valid
... A39: C069 | B39: Casey Anderson | C39: casey.anderson69@example.com | D39: (404) 555-1069 | E39: Atl | F39: 46117 | G39: 18.15 | H39: Pending | I39: =COUNTIF($A$2:$A$141,A39) -> 1 | J39: =COUNTIFS(A$2:A39,A39,B$2:B39,B39,C$2:C39,IF(C39="","=",C39),D$2:D39,IF(D39="","=",D39),E$2:E39,IF(E39="","=",E39),F$2:F39,F39,G$2:G39,IF(G39="","=",G39),H$2:H39,H39) -> 1 | K39: =IF(OR(C39="",G39="",NOT(ISNUMBER(G39)),AND(ISNUMBER(G39),G39<=0)),"Needs Review","Valid") -> Valid
A40: C114 | B40: Kendall Martin | D40: (404) 555-1114 | E40: Smyrna | F40: 46118 | G40: 172.53 | H40: Processing | I40: =COUNTIF($A$2:$A$141,A40) -> 1 | J40: =COUNTIFS(A$2:A40,A40,B$2:B40,B40,C$2:C40,IF(C40="","=",C40),D$2:D40,IF(D40="","=",D40),E$2:E40,IF(E40="","=",E40),F$2:F40,F40,G$2:G40,IF(G40="","=",G40),H$2:H40,H40) -> 1 | K40: =IF(OR(C40="",G40="",NOT(ISNUMBER(G40)),AND(ISNUMBER(G40),G40<=0)),"Needs Review","Valid") -> Needs Review
A41: C078 | B41: Drew Anderson | C41: drew.anderson78@example.com | D41: (404) 555-1078 | E41: Douglasville | F41: 46118 | G41: 309.19 | H41: Processing | I41: =COUNTIF($A$2:$A$141,A41) -> 1 | J41: =COUNTIFS(A$2:A41,A41,B$2:B41,B41,C$2:C41,IF(C41="","=",C41),D$2:D41,IF(D41="","=",D41),E$2:E41,IF(E41="","=",E41),F$2:F41,F41,G$2:G41,IF(G41="","=",G41),H$2:H41,H41) -> 1 | K41: =IF(OR(C41="",G41="",NOT(ISNUMBER(G41)),AND(ISNUMBER(G41),G41<=0)),"Needs Review","Valid") -> Valid
A42: C023 | B42: Sydney Davis | C42: sydney.davis23@example.com | D42: (404) 555-1023 | E42: Atl | F42: 46121 | G42: 305.63 | H42: Pending | I42: =COUNTIF($A$2:$A$141,A42) -> 1 | J42: =COUNTIFS(A$2:A42,A42,B$2:B42,B42,C$2:C42,IF(C42="","=",C42),D$2:D42,IF(D42="","=",D42),E$2:E42,IF(E42="","=",E42),F$2:F42,F42,G$2:G42,IF(G42="","=",G42),H$2:H42,H42) -> 1 | K42: =IF(OR(C42="",G42="",NOT(ISNUMBER(G42)),AND(ISNUMBER(G42),G42<=0)),"Needs Review","Valid") -> Valid
A43: C005 | B43: Drew Wilson | C43: drew.wilson5@example.com | D43: (404) 555-1005 | E43: Sandy Springs | F43: 46124 | G43: 213.82 | H43: Processing | I43: =COUNTIF($A$2:$A$141,A43) -> 1 | J43: =COUNTIFS(A$2:A43,A43,B$2:B43,B43,C$2:C43,IF(C43="","=",C43),D$2:D43,IF(D43="","=",D43),E$2:E43,IF(E43="","=",E43),F$2:F43,F43,G$2:G43,IF(G43="","=",G43),H$2:H43,H43) -> 1 | K43: =IF(OR(C43="",G43="",NOT(ISNUMBER(G43)),AND(ISNUMBER(G43),G43<=0)),"Needs Review","Valid") -> Valid
A44: C095 | B44: Riley Martin | D44: (404) 555-1095 | E44: Marietta | F44: 46125 | G44: 208.35 | H44: Pending | I44: =COUNTIF($A$2:$A$141,A44) -> 1 | J44: =COUNTIFS(A$2:A44,A44,B$2:B44,B44,C$2:C44,IF(C44="","=",C44),D$2:D44,IF(D44="","=",D44),E$2:E44,IF(E44="","=",E44),F$2:F44,F44,G$2:G44,IF(G44="","=",G44),H$2:H44,H44) -> 1 | K44: =IF(OR(C44="",G44="",NOT(ISNUMBER(G44)),AND(ISNUMBER(G44),G44<=0)),"Needs Review","Valid") -> Needs Review
A45: C137 | B45: Reese Moore | C45: reese.moore137@example.com | D45: (404) 555-1137 | E45: Douglasville | F45: 46127 | G45: 111.98 | H45: Processing | I45: =COUNTIF($A$2:$A$141,A45) -> 1 | J45: =COUNTIFS(A$2:A45,A45,B$2:B45,B45,C$2:C45,IF(C45="","=",C45),D$2:D45,IF(D45="","=",D45),E$2:E45,IF(E45="","=",E45),F$2:F45,F45,G$2:G45,IF(G45="","=",G45),H$2:H45,H45) -> 1 | K45: =IF(OR(C45="",G45="",NOT(ISNUMBER(G45)),AND(ISNUMBER(G45),G45<=0)),"Needs Review","Valid") -> Valid
A46: C049 | B46: Kendall White | C46: kendall.white49@example.com | D46: (404) 555-1049 | E46: Kennesaw | F46: 46128 | G46: 226.45 | H46: Processing | I46: =COUNTIF($A$2:$A$141,A46) -> 1 | J46: =COUNTIFS(A$2:A46,A46,B$2:B46,B46,C$2:C46,IF(C46="","=",C46),D$2:D46,IF(D46="","=",D46),E$2:E46,IF(E46="","=",E46),F$2:F46,F46,G$2:G46,IF(G46="","=",G46),H$2:H46,H46) -> 1 | K46: =IF(OR(C46="",G46="",NOT(ISNUMBER(G46)),AND(ISNUMBER(G46),G46<=0)),"Needs Review","Valid") -> Valid
A47: C030 | B47: Cameron Anderson | C47: cameron.anderson30@example.com | D47: (404) 555-1030 | E47: Sandy Springs | F47: 46129 | G47: 300.53 | H47: Pending | I47: =COUNTIF($A$2:$A$141,A47) -> 1 | J47: =COUNTIFS(A$2:A47,A47,B$2:B47,B47,C$2:C47,IF(C47="","=",C47),D$2:D47,IF(D47="","=",D47),E$2:E47,IF(E47="","=",E47),F$2:F47,F47,G$2:G47,IF(G47="","=",G47),H$2:H47,H47) -> 1 | K47: =IF(OR(C47="",G47="",NOT(ISNUMBER(G47)),AND(ISNUMBER(G47),G47<=0)),"Needs Review","Valid") -> Valid
A48: C019 | B48: Parker Martin | D48: (404) 555-1019 | E48: Douglasville | F48: 46129 | G48: 204.08 | H48: Completed | I48: =COUNTIF($A$2:$A$141,A48) -> 1 | J48: =COUNTIFS(A$2:A48,A48,B$2:B48,B48,C$2:C48,IF(C48="","=",C48),D$2:D48,IF(D48="","=",D48),E$2:E48,IF(E48="","=",E48),F$2:F48,F48,G$2:G48,IF(G48="","=",G48),H$2:H48,H48) -> 1 | K48: =IF(OR(C48="",G48="",NOT(ISNUMBER(G48)),AND(ISNUMBER(G48),G48<=0)),"Needs Review","Valid") -> Needs Review
A49: C061 | B49: Alex Davis | C49: alex.davis61@example.com | D49: (404) 555-1061 | E49: Decatur | F49: 46131 | G49: 139.19 | H49: Processing | I49: =COUNTIF($A$2:$A$141,A49) -> 1 | J49: =COUNTIFS(A$2:A49,A49,B$2:B49,B49,C$2:C49,IF(C49="","=",C49),D$2:D49,IF(D49="","=",D49),E$2:E49,IF(E49="","=",E49),F$2:F49,F49,G$2:G49,IF(G49="","=",G49),H$2:H49,H49) -> 1 | K49: =IF(OR(C49="",G49="",NOT(ISNUMBER(G49)),AND(ISNUMBER(G49),G49<=0)),"Needs Review","Valid") -> Valid
A50: C013 | B50: Taylor Jackson | C50: taylor.jackson13@example.com | D50: (404) 555-1013 | E50: Sandy Springs | F50: 46131 | G50: 20.5 | H50: Processing | I50: =COUNTIF($A$2:$A$141,A50) -> 1 | J50: =COUNTIFS(A$2:A50,A50,B$2:B50,B50,C$2:C50,IF(C50="","=",C50),D$2:D50,IF(D50="","=",D50),E$2:E50,IF(E50="","=",E50),F$2:F50,F50,G$2:G50,IF(G50="","=",G50),H$2:H50,H50) -> 1 | K50: =IF(OR(C50="",G50="",NOT(ISNUMBER(G50)),AND(ISNUMBER(G50),G50<=0)),"Needs Review","Valid") -> Valid
A51: C109 | B51: Dakota Jackson | C51: dakota.jackson109@example.com | D51: (404) 555-1109 | E51: Kennesaw | F51: 46133 | G51: 241.95 | H51: Cancelled | I51: =COUNTIF($A$2:$A$141,A51) -> 1 | J51: =COUNTIFS(A$2:A51,A51,B$2:B51,B51,C$2:C51,IF(C51="","=",C51),D$2:D51,IF(D51="","=",D51),E$2:E51,IF(E51="","=",E51),F$2:F51,F51,G$2:G51,IF(G51="","=",G51),H$2:H51,H51) -> 1 | K51: =IF(OR(C51="",G51="",NOT(ISNUMBER(G51)),AND(ISNUMBER(G51),G51<=0)),"Needs Review","Valid") -> Valid
A52: C092 | B52: Parker Jackson | C52: parker.jackson92@example.com | D52: (404) 555-1092 | E52: Atl | F52: 46133 | G52: 148.49 | H52: Cancelled | I52: =COUNTIF($A$2:$A$141,A52) -> 1 | J52: =COUNTIFS(A$2:A52,A52,B$2:B52,B52,C$2:C52,IF(C52="","=",C52),D$2:D52,IF(D52="","=",D52),E$2:E52,IF(E52="","=",E52),F$2:F52,F52,G$2:G52,IF(G52="","=",G52),H$2:H52,H52) -> 1 | K52: =IF(OR(C52="",G52="",NOT(ISNUMBER(G52)),AND(ISNUMBER(G52),G52<=0)),"Needs Review","Valid") -> Valid
A53: C076 | B53: Robin White | D53: (404) 555-1076 | E53: Decatur | F53: 46136 | G53: 116.07 | H53: Completed | I53: =COUNTIF($A$2:$A$141,A53) -> 1 | J53: =COUNTIFS(A$2:A53,A53,B$2:B53,B53,C$2:C53,IF(C53="","=",C53),D$2:D53,IF(D53="","=",D53),E$2:E53,IF(E53="","=",E53),F$2:F53,F53,G$2:G53,IF(G53="","=",G53),H$2:H53,H53) -> 1 | K53: =IF(OR(C53="",G53="",NOT(ISNUMBER(G53)),AND(ISNUMBER(G53),G53<=0)),"Needs Review","Valid") -> Needs Review
A54: C089 | B54: Quinn Anderson | C54: quinn.anderson89@example.com | D54: (404) 555-1089 | E54: Roswell | F54: 46136 | G54: 287.65 | H54: Processing | I54: =COUNTIF($A$2:$A$141,A54) -> 1 | J54: =COUNTIFS(A$2:A54,A54,B$2:B54,B54,C$2:C54,IF(C54="","=",C54),D$2:D54,IF(D54="","=",D54),E$2:E54,IF(E54="","=",E54),F$2:F54,F54,G$2:G54,IF(G54="","=",G54),H$2:H54,H54) -> 1 | K54: =IF(OR(C54="",G54="",NOT(ISNUMBER(G54)),AND(ISNUMBER(G54),G54<=0)),"Needs Review","Valid") -> Valid
A55: C073 | B55: Parker Taylor | C55: parker.taylor73@example.com | D55: (404) 555-1073 | E55: Decatur | F55: 46137 | G55: 217.26 | H55: Pending | I55: =COUNTIF($A$2:$A$141,A55) -> 1 | J55: =COUNTIFS(A$2:A55,A55,B$2:B55,B55,C$2:C55,IF(C55="","=",C55),D$2:D55,IF(D55="","=",D55),E$2:E55,IF(E55="","=",E55),F$2:F55,F55,G$2:G55,IF(G55="","=",G55),H$2:H55,H55) -> 1 | K55: =IF(OR(C55="",G55="",NOT(ISNUMBER(G55)),AND(ISNUMBER(G55),G55<=0)),"Needs Review","Valid") -> Valid
A56: C119 | B56: Jamie Harris | C56: jamie.harris119@example.com | D56: (404) 555-1119 | E56: Decatur | F56: 46137 | G56: 86.73 | H56: Cancelled | I56: =COUNTIF($A$2:$A$141,A56) -> 1 | J56: =COUNTIFS(A$2:A56,A56,B$2:B56,B56,C$2:C56,IF(C56="","=",C56),D$2:D56,IF(D56="","=",D56),E$2:E56,IF(E56="","=",E56),F$2:F56,F56,G$2:G56,IF(G56="","=",G56),H$2:H56,H56) -> 1 | K56: =IF(OR(C56="",G56="",NOT(ISNUMBER(G56)),AND(ISNUMBER(G56),G56<=0)),"Needs Review","Valid") -> Valid
A57: C024 | B57: Morgan Martin | C57: morgan.martin24@example.com | D57: (404) 555-1024 | E57: Smyrna | F57: 46139 | G57: 66.6 | H57: pending | I57: =COUNTIF($A$2:$A$141,A57) -> 1 | J57: =COUNTIFS(A$2:A57,A57,B$2:B57,B57,C$2:C57,IF(C57="","=",C57),D$2:D57,IF(D57="","=",D57),E$2:E57,IF(E57="","=",E57),F$2:F57,F57,G$2:G57,IF(G57="","=",G57),H$2:H57,H57) -> 1 | K57: =IF(OR(C57="",G57="",NOT(ISNUMBER(G57)),AND(ISNUMBER(G57),G57<=0)),"Needs Review","Valid") -> Valid
A58: C110 | B58: Jordan Williams | C58: jordan.williams110@example.com | D58: (404) 555-1110 | E58: Decatur | F58: 46143 | G58: 330.94 | H58: Completed | I58: =COUNTIF($A$2:$A$141,A58) -> 1 | J58: =COUNTIFS(A$2:A58,A58,B$2:B58,B58,C$2:C58,IF(C58="","=",C58),D$2:D58,IF(D58="","=",D58),E$2:E58,IF(E58="","=",E58),F$2:F58,F58,G$2:G58,IF(G58="","=",G58),H$2:H58,H58) -> 1 | K58: =IF(OR(C58="",G58="",NOT(ISNUMBER(G58)),AND(ISNUMBER(G58),G58<=0)),"Needs Review","Valid") -> Valid
A59: C080 | B59: Taylor Davis | C59: taylor.davis80@example.com | D59: (404) 555-1080 | E59: Decatur | F59: 46146 | G59: 140.69 | H59: completed | I59: =COUNTIF($A$2:$A$141,A59) -> 1 | J59: =COUNTIFS(A$2:A59,A59,B$2:B59,B59,C$2:C59,IF(C59="","=",C59),D$2:D59,IF(D59="","=",D59),E$2:E59,IF(E59="","=",E59),F$2:F59,F59,G$2:G59,IF(G59="","=",G59),H$2:H59,H59) -> 1 | K59: =IF(OR(C59="",G59="",NOT(ISNUMBER(G59)),AND(ISNUMBER(G59),G59<=0)),"Needs Review","Valid") -> Valid
A60: C087 | B60: Dakota Moore | C60: dakota.moore87@example.com | D60: (404) 555-1087 | E60: Douglasville | F60: 46148 | H60: Cancelled | I60: =COUNTIF($A$2:$A$141,A60) -> 1 | J60: =COUNTIFS(A$2:A60,A60,B$2:B60,B60,C$2:C60,IF(C60="","=",C60),D$2:D60,IF(D60="","=",D60),E$2:E60,IF(E60="","=",E60),F$2:F60,F60,G$2:G60,IF(G60="","=",G60),H$2:H60,H60) -> 1 | K60: =IF(OR(C60="",G60="",NOT(ISNUMBER(G60)),AND(ISNUMBER(G60),G60<=0)),"Needs Review","Valid") -> Needs Review
A61: C046 | B61: Jordan Thompson | C61: jordan.thompson46@example.com | D61: (404) 555-1046 | E61: Atl | F61: 46149 | G61: 60.02 | H61: Completed | I61: =COUNTIF($A$2:$A$141,A61) -> 1 | J61: =COUNTIFS(A$2:A61,A61,B$2:B61,B61,C$2:C61,IF(C61="","=",C61),D$2:D61,IF(D61="","=",D61),E$2:E61,IF(E61="","=",E61),F$2:F61,F61,G$2:G61,IF(G61="","=",G61),H$2:H61,H61) -> 1 | K61: =IF(OR(C61="",G61="",NOT(ISNUMBER(G61)),AND(ISNUMBER(G61),G61<=0)),"Needs Review","Valid") -> Valid
A62: C084 | B62: Dakota Brown | C62: dakota.brown84@example.com | D62: (404) 555-1084 | E62: Decatur | F62: 46149 | G62: 334.37 | H62: PROCESSING | I62: =COUNTIF($A$2:$A$141,A62) -> 1 | J62: =COUNTIFS(A$2:A62,A62,B$2:B62,B62,C$2:C62,IF(C62="","=",C62),D$2:D62,IF(D62="","=",D62),E$2:E62,IF(E62="","=",E62),F$2:F62,F62,G$2:G62,IF(G62="","=",G62),H$2:H62,H62) -> 1 | K62: =IF(OR(C62="",G62="",NOT(ISNUMBER(G62)),AND(ISNUMBER(G62),G62<=0)),"Needs Review","Valid") -> Valid
A63: C091 | B63: Avery Thomas | C63: avery.thomas91@example.com | D63: (404) 555-1091 | E63: Kennesaw | F63: 46153 | G63: 97.79 | H63: Pending | I63: =COUNTIF($A$2:$A$141,A63) -> 1 | J63: =COUNTIFS(A$2:A63,A63,B$2:B63,B63,C$2:C63,IF(C63="","=",C63),D$2:D63,IF(D63="","=",D63),E$2:E63,IF(E63="","=",E63),F$2:F63,F63,G$2:G63,IF(G63="","=",G63),H$2:H63,H63) -> 1 | K63: =IF(OR(C63="",G63="",NOT(ISNUMBER(G63)),AND(ISNUMBER(G63),G63<=0)),"Needs Review","Valid") -> Valid
A64: C090 | B64: Cameron Wilson | C64: cameron.wilson90@example.com | D64: (404) 555-1090 | E64: Douglasville | F64: 46154 | G64: 39.82 | H64: Completed | I64: =COUNTIF($A$2:$A$141,A64) -> 1 | J64: =COUNTIFS(A$2:A64,A64,B$2:B64,B64,C$2:C64,IF(C64="","=",C64),D$2:D64,IF(D64="","=",D64),E$2:E64,IF(E64="","=",E64),F$2:F64,F64,G$2:G64,IF(G64="","=",G64),H$2:H64,H64) -> 1 | K64: =IF(OR(C64="",G64="",NOT(ISNUMBER(G64)),AND(ISNUMBER(G64),G64<=0)),"Needs Review","Valid") -> Valid
A65: C060 | B65: Reese Jackson | C65: reese.jackson60@example.com | D65: (404) 555-1060 | E65: Kennesaw | F65: 46157 | G65: 341.31 | H65: Completed | I65: =COUNTIF($A$2:$A$141,A65) -> 1 | J65: =COUNTIFS(A$2:A65,A65,B$2:B65,B65,C$2:C65,IF(C65="","=",C65),D$2:D65,IF(D65="","=",D65),E$2:E65,IF(E65="","=",E65),F$2:F65,F65,G$2:G65,IF(G65="","=",G65),H$2:H65,H65) -> 1 | K65: =IF(OR(C65="",G65="",NOT(ISNUMBER(G65)),AND(ISNUMBER(G65),G65<=0)),"Needs Review","Valid") -> Valid
A66: C010 | B66: Robin White | C66: robin.white10@example.com | D66: (404) 555-1010 | E66: Douglasville | F66: 46157 | G66: 126.71 | H66: Cancelled | I66: =COUNTIF($A$2:$A$141,A66) -> 1 | J66: =COUNTIFS(A$2:A66,A66,B$2:B66,B66,C$2:C66,IF(C66="","=",C66),D$2:D66,IF(D66="","=",D66),E$2:E66,IF(E66="","=",E66),F$2:F66,F66,G$2:G66,IF(G66="","=",G66),H$2:H66,H66) -> 1 | K66: =IF(OR(C66="",G66="",NOT(ISNUMBER(G66)),AND(ISNUMBER(G66),G66<=0)),"Needs Review","Valid") -> Valid
A67: C029 | B67: Reese Johnson | C67: reese.johnson29@example.com | D67: (404) 555-1029 | E67: Douglasville | F67: 46159 | H67: Processing | I67: =COUNTIF($A$2:$A$141,A67) -> 1 | J67: =COUNTIFS(A$2:A67,A67,B$2:B67,B67,C$2:C67,IF(C67="","=",C67),D$2:D67,IF(D67="","=",D67),E$2:E67,IF(E67="","=",E67),F$2:F67,F67,G$2:G67,IF(G67="","=",G67),H$2:H67,H67) -> 1 | K67: =IF(OR(C67="",G67="",NOT(ISNUMBER(G67)),AND(ISNUMBER(G67),G67<=0)),"Needs Review","Valid") -> Needs Review
A68: C130 | B68: Robin Williams | C68: robin.williams130@example.com | D68: (404) 555-1130 | E68: Sandy Springs | F68: 46159 | G68: 343.08 | H68: Processing | I68: =COUNTIF($A$2:$A$141,A68) -> 1 | J68: =COUNTIFS(A$2:A68,A68,B$2:B68,B68,C$2:C68,IF(C68="","=",C68),D$2:D68,IF(D68="","=",D68),E$2:E68,IF(E68="","=",E68),F$2:F68,F68,G$2:G68,IF(G68="","=",G68),H$2:H68,H68) -> 1 | K68: =IF(OR(C68="",G68="",NOT(ISNUMBER(G68)),AND(ISNUMBER(G68),G68<=0)),"Needs Review","Valid") -> Valid
A69: C099 | B69: Kendall Davis | C69: kendall.davis99@example.com | D69: (404) 555-1099 | E69: Roswell | F69: 46159 | G69: 298.58 | H69: Completed | I69: =COUNTIF($A$2:$A$141,A69) -> 1 | J69: =COUNTIFS(A$2:A69,A69,B$2:B69,B69,C$2:C69,IF(C69="","=",C69),D$2:D69,IF(D69="","=",D69),E$2:E69,IF(E69="","=",E69),F$2:F69,F69,G$2:G69,IF(G69="","=",G69),H$2:H69,H69) -> 1 | K69: =IF(OR(C69="",G69="",NOT(ISNUMBER(G69)),AND(ISNUMBER(G69),G69<=0)),"Needs Review","Valid") -> Valid
A70: C113 | B70: Devin Jackson | C70: devin.jackson113@example.com | D70: (404) 555-1113 | E70: Douglasville | F70: 46159 | G70: 197.02 | H70: Cancelled | I70: =COUNTIF($A$2:$A$141,A70) -> 1 | J70: =COUNTIFS(A$2:A70,A70,B$2:B70,B70,C$2:C70,IF(C70="","=",C70),D$2:D70,IF(D70="","=",D70),E$2:E70,IF(E70="","=",E70),F$2:F70,F70,G$2:G70,IF(G70="","=",G70),H$2:H70,H70) -> 1 | K70: =IF(OR(C70="",G70="",NOT(ISNUMBER(G70)),AND(ISNUMBER(G70),G70<=0)),"Needs Review","Valid") -> Valid
A71: C047 | B71: Jamie Thomas | C71: jamie.thomas47@example.com | D71: (404) 555-1047 | E71: Atlanta | F71: 46160 | G71: 21.65 | H71: Pending | I71: =COUNTIF($A$2:$A$141,A71) -> 1 | J71: =COUNTIFS(A$2:A71,A71,B$2:B71,B71,C$2:C71,IF(C71="","=",C71),D$2:D71,IF(D71="","=",D71),E$2:E71,IF(E71="","=",E71),F$2:F71,F71,G$2:G71,IF(G71="","=",G71),H$2:H71,H71) -> 1 | K71: =IF(OR(C71="",G71="",NOT(ISNUMBER(G71)),AND(ISNUMBER(G71),G71<=0)),"Needs Review","Valid") -> Valid
A72: C054 | B72: Quinn Wilson | C72: quinn.wilson54@example.com | D72: (404) 555-1054 | E72: Atlanta | F72: 46161 | G72: 314.64 | H72: Cancelled | I72: =COUNTIF($A$2:$A$141,A72) -> 1 | J72: =COUNTIFS(A$2:A72,A72,B$2:B72,B72,C$2:C72,IF(C72="","=",C72),D$2:D72,IF(D72="","=",D72),E$2:E72,IF(E72="","=",E72),F$2:F72,F72,G$2:G72,IF(G72="","=",G72),H$2:H72,H72) -> 1 | K72: =IF(OR(C72="",G72="",NOT(ISNUMBER(G72)),AND(ISNUMBER(G72),G72<=0)),"Needs Review","Valid") -> Valid
A73: C112 | B73: Reese Harris | C73: reese.harris112@example.com | D73: (404) 555-1112 | E73: Douglasville | F73: 46163 | G73: 270.66 | H73: cancelled | I73: =COUNTIF($A$2:$A$141,A73) -> 1 | J73: =COUNTIFS(A$2:A73,A73,B$2:B73,B73,C$2:C73,IF(C73="","=",C73),D$2:D73,IF(D73="","=",D73),E$2:E73,IF(E73="","=",E73),F$2:F73,F73,G$2:G73,IF(G73="","=",G73),H$2:H73,H73) -> 1 | K73: =IF(OR(C73="",G73="",NOT(ISNUMBER(G73)),AND(ISNUMBER(G73),G73<=0)),"Needs Review","Valid") -> Valid
A74: C043 | B74: Morgan Brown | C74: morgan.brown43@example.com | D74: (404) 555-1043 | E74: Sandy Springs | F74: 46163 | G74: 169 | H74: Pending | I74: =COUNTIF($A$2:$A$141,A74) -> 1 | J74: =COUNTIFS(A$2:A74,A74,B$2:B74,B74,C$2:C74,IF(C74="","=",C74),D$2:D74,IF(D74="","=",D74),E$2:E74,IF(E74="","=",E74),F$2:F74,F74,G$2:G74,IF(G74="","=",G74),H$2:H74,H74) -> 1 | K74: =IF(OR(C74="",G74="",NOT(ISNUMBER(G74)),AND(ISNUMBER(G74),G74<=0)),"Needs Review","Valid") -> Valid
A75: C037 | B75: Avery Anderson | C75: avery.anderson37@example.com | D75: (404) 555-1037 | E75: Douglasville | F75: 46163 | G75: 75.22 | H75: Pending | I75: =COUNTIF($A$2:$A$141,A75) -> 1 | J75: =COUNTIFS(A$2:A75,A75,B$2:B75,B75,C$2:C75,IF(C75="","=",C75),D$2:D75,IF(D75="","=",D75),E$2:E75,IF(E75="","=",E75),F$2:F75,F75,G$2:G75,IF(G75="","=",G75),H$2:H75,H75) -> 1 | K75: =IF(OR(C75="",G75="",NOT(ISNUMBER(G75)),AND(ISNUMBER(G75),G75<=0)),"Needs Review","Valid") -> Valid
A76: C058 | B76: Dakota Wilson | C76: dakota.wilson58@example.com | D76: (404) 555-1058 | E76: Marietta | F76: 46164 | H76: Cancelled | I76: =COUNTIF($A$2:$A$141,A76) -> 1 | J76: =COUNTIFS(A$2:A76,A76,B$2:B76,B76,C$2:C76,IF(C76="","=",C76),D$2:D76,IF(D76="","=",D76),E$2:E76,IF(E76="","=",E76),F$2:F76,F76,G$2:G76,IF(G76="","=",G76),H$2:H76,H76) -> 1 | K76: =IF(OR(C76="",G76="",NOT(ISNUMBER(G76)),AND(ISNUMBER(G76),G76<=0)),"Needs Review","Valid") -> Needs Review
A77: C101 | B77: Reese Miller | C77: reese.miller101@example.com | D77: (404) 555-1101 | E77: Decatur | F77: 46164 | G77: 102.57 | H77: Completed | I77: =COUNTIF($A$2:$A$141,A77) -> 1 | J77: =COUNTIFS(A$2:A77,A77,B$2:B77,B77,C$2:C77,IF(C77="","=",C77),D$2:D77,IF(D77="","=",D77),E$2:E77,IF(E77="","=",E77),F$2:F77,F77,G$2:G77,IF(G77="","=",G77),H$2:H77,H77) -> 1 | K77: =IF(OR(C77="",G77="",NOT(ISNUMBER(G77)),AND(ISNUMBER(G77),G77<=0)),"Needs Review","Valid") -> Valid
A78: C138 | B78: Kendall Jackson | C78: kendall.jackson138@example.com | D78: (404) 555-1138 | E78: Atl | F78: 46164 | G78: 148.81 | H78: Completed | I78: =COUNTIF($A$2:$A$141,A78) -> 1 | J78: =COUNTIFS(A$2:A78,A78,B$2:B78,B78,C$2:C78,IF(C78="","=",C78),D$2:D78,IF(D78="","=",D78),E$2:E78,IF(E78="","=",E78),F$2:F78,F78,G$2:G78,IF(G78="","=",G78),H$2:H78,H78) -> 1 | K78: =IF(OR(C78="",G78="",NOT(ISNUMBER(G78)),AND(ISNUMBER(G78),G78<=0)),"Needs Review","Valid") -> Valid
A79: C011 | B79: Taylor Johnson | C79: taylor.johnson11@example.com | D79: (404) 555-1011 | E79: Smyrna | F79: 46165 | G79: 136.22 | H79: Processing | I79: =COUNTIF($A$2:$A$141,A79) -> 1 | J79: =COUNTIFS(A$2:A79,A79,B$2:B79,B79,C$2:C79,IF(C79="","=",C79),D$2:D79,IF(D79="","=",D79),E$2:E79,IF(E79="","=",E79),F$2:F79,F79,G$2:G79,IF(G79="","=",G79),H$2:H79,H79) -> 1 | K79: =IF(OR(C79="",G79="",NOT(ISNUMBER(G79)),AND(ISNUMBER(G79),G79<=0)),"Needs Review","Valid") -> Valid
A80: C072 | B80: Drew Thompson | C80: drew.thompson72@example.com | D80: (404) 555-1072 | E80: Decatur | F80: 46167 | G80: 221.76 | H80: processing | I80: =COUNTIF($A$2:$A$141,A80) -> 1 | J80: =COUNTIFS(A$2:A80,A80,B$2:B80,B80,C$2:C80,IF(C80="","=",C80),D$2:D80,IF(D80="","=",D80),E$2:E80,IF(E80="","=",E80),F$2:F80,F80,G$2:G80,IF(G80="","=",G80),H$2:H80,H80) -> 1 | K80: =IF(OR(C80="",G80="",NOT(ISNUMBER(G80)),AND(ISNUMBER(G80),G80<=0)),"Needs Review","Valid") -> Valid
A81: C034 | B81: Reese Jackson | C81: reese.jackson34@example.com | D81: (404) 555-1034 | E81: Smyrna | F81: 46167 | G81: 337.76 | H81: Processing | I81: =COUNTIF($A$2:$A$141,A81) -> 1 | J81: =COUNTIFS(A$2:A81,A81,B$2:B81,B81,C$2:C81,IF(C81="","=",C81),D$2:D81,IF(D81="","=",D81),E$2:E81,IF(E81="","=",E81),F$2:F81,F81,G$2:G81,IF(G81="","=",G81),H$2:H81,H81) -> 1 | K81: =IF(OR(C81="",G81="",NOT(ISNUMBER(G81)),AND(ISNUMBER(G81),G81<=0)),"Needs Review","Valid") -> Valid
A82: C052 | B82: Reese White | C82: reese.white52@example.com | D82: (404) 555-1052 | E82: Smyrna | F82: 46168 | G82: 316.78 | H82: Completed | I82: =COUNTIF($A$2:$A$141,A82) -> 1 | J82: =COUNTIFS(A$2:A82,A82,B$2:B82,B82,C$2:C82,IF(C82="","=",C82),D$2:D82,IF(D82="","=",D82),E$2:E82,IF(E82="","=",E82),F$2:F82,F82,G$2:G82,IF(G82="","=",G82),H$2:H82,H82) -> 1 | K82: =IF(OR(C82="",G82="",NOT(ISNUMBER(G82)),AND(ISNUMBER(G82),G82<=0)),"Needs Review","Valid") -> Valid
A83: C002 | B83: Cameron White | C83: cameron.white2@example.com | D83: (404) 555-1002 | E83: Marietta | F83: 46181 | G83: 142.28 | H83: Pending | I83: =COUNTIF($A$2:$A$141,A83) -> 1 | J83: =COUNTIFS(A$2:A83,A83,B$2:B83,B83,C$2:C83,IF(C83="","=",C83),D$2:D83,IF(D83="","=",D83),E$2:E83,IF(E83="","=",E83),F$2:F83,F83,G$2:G83,IF(G83="","=",G83),H$2:H83,H83) -> 1 | K83: =IF(OR(C83="",G83="",NOT(ISNUMBER(G83)),AND(ISNUMBER(G83),G83<=0)),"Needs Review","Valid") -> Valid
A84: C093 | B84: Avery Williams | C84: avery.williams93@example.com | D84: (404) 555-1093 | E84: Decatur | F84: 46186 | G84: 317.64 | H84: Pending | I84: =COUNTIF($A$2:$A$141,A84) -> 1 | J84: =COUNTIFS(A$2:A84,A84,B$2:B84,B84,C$2:C84,IF(C84="","=",C84),D$2:D84,IF(D84="","=",D84),E$2:E84,IF(E84="","=",E84),F$2:F84,F84,G$2:G84,IF(G84="","=",G84),H$2:H84,H84) -> 1 | K84: =IF(OR(C84="",G84="",NOT(ISNUMBER(G84)),AND(ISNUMBER(G84),G84<=0)),"Needs Review","Valid") -> Valid
A85: C085 | B85: Alex Moore | C85: alex.moore85@example.com | D85: (404) 555-1085 | E85: Douglasville | F85: 46191 | G85: 342.52 | H85: Cancelled | I85: =COUNTIF($A$2:$A$141,A85) -> 1 | J85: =COUNTIFS(A$2:A85,A85,B$2:B85,B85,C$2:C85,IF(C85="","=",C85),D$2:D85,IF(D85="","=",D85),E$2:E85,IF(E85="","=",E85),F$2:F85,F85,G$2:G85,IF(G85="","=",G85),H$2:H85,H85) -> 1 | K85: =IF(OR(C85="",G85="",NOT(ISNUMBER(G85)),AND(ISNUMBER(G85),G85<=0)),"Needs Review","Valid") -> Valid
A86: C068 | B86: Morgan Davis | C86: morgan.davis68@example.com | D86: (404) 555-1068 | E86: Smyrna | F86: 46192 | G86: 306.23 | H86: Processing | I86: =COUNTIF($A$2:$A$141,A86) -> 1 | J86: =COUNTIFS(A$2:A86,A86,B$2:B86,B86,C$2:C86,IF(C86="","=",C86),D$2:D86,IF(D86="","=",D86),E$2:E86,IF(E86="","=",E86),F$2:F86,F86,G$2:G86,IF(G86="","=",G86),H$2:H86,H86) -> 1 | K86: =IF(OR(C86="",G86="",NOT(ISNUMBER(G86)),AND(ISNUMBER(G86),G86<=0)),"Needs Review","Valid") -> Valid
A87: C088 | B87: Cameron Harris | C87: cameron.harris88@example.com | D87: (404) 555-1088 | E87: Atlanta | F87: 46192 | G87: 62.18 | H87: processing | I87: =COUNTIF($A$2:$A$141,A87) -> 1 | J87: =COUNTIFS(A$2:A87,A87,B$2:B87,B87,C$2:C87,IF(C87="","=",C87),D$2:D87,IF(D87="","=",D87),E$2:E87,IF(E87="","=",E87),F$2:F87,F87,G$2:G87,IF(G87="","=",G87),H$2:H87,H87) -> 1 | K87: =IF(OR(C87="",G87="",NOT(ISNUMBER(G87)),AND(ISNUMBER(G87),G87<=0)),"Needs Review","Valid") -> Valid
A88: C129 | B88: Blake Thompson | C88: blake.thompson129@example.com | D88: (404) 555-1129 | E88: Kennesaw | F88: 46193 | G88: 37.28 | H88: Pending | I88: =COUNTIF($A$2:$A$141,A88) -> 1 | J88: =COUNTIFS(A$2:A88,A88,B$2:B88,B88,C$2:C88,IF(C88="","=",C88),D$2:D88,IF(D88="","=",D88),E$2:E88,IF(E88="","=",E88),F$2:F88,F88,G$2:G88,IF(G88="","=",G88),H$2:H88,H88) -> 1 | K88: =IF(OR(C88="",G88="",NOT(ISNUMBER(G88)),AND(ISNUMBER(G88),G88<=0)),"Needs Review","Valid") -> Valid
... A128: C036 | B128: Alex White | C128: alex.white36@example.com | D128: (404) 555-1036 | E128: Marietta | F128: 46270 | G128: 186.52 | H128: Cancelled | I128: =COUNTIF($A$2:$A$141,A128) -> 1 | J128: =COUNTIFS(A$2:A128,A128,B$2:B128,B128,C$2:C128,IF(C128="","=",C128),D$2:D128,IF(D128="","=",D128),E$2:E128,IF(E128="","=",E128),F$2:F128,F128,G$2:G128,IF(G128="","=",G128),H$2:H128,H128) -> 1 | K128: =IF(OR(C128="",G128="",NOT(ISNUMBER(G128)),AND(ISNUMBER(G128),G128<=0)),"Needs Review","Valid") -> Valid
A129: C133 | B129: Drew Thompson | D129: (404) 555-1133 | E129: Douglasville | F129: 46272 | G129: 144.68 | H129: Cancelled | I129: =COUNTIF($A$2:$A$141,A129) -> 1 | J129: =COUNTIFS(A$2:A129,A129,B$2:B129,B129,C$2:C129,IF(C129="","=",C129),D$2:D129,IF(D129="","=",D129),E$2:E129,IF(E129="","=",E129),F$2:F129,F129,G$2:G129,IF(G129="","=",G129),H$2:H129,H129) -> 1 | K129: =IF(OR(C129="",G129="",NOT(ISNUMBER(G129)),AND(ISNUMBER(G129),G129<=0)),"Needs Review","Valid") -> Needs Review
A130: C097 | B130: Alex Thomas | C130: alex.thomas97@example.com | D130: (404) 555-1097 | E130: Douglasville | F130: 46272 | G130: 198.96 | H130: Completed | I130: =COUNTIF($A$2:$A$141,A130) -> 1 | J130: =COUNTIFS(A$2:A130,A130,B$2:B130,B130,C$2:C130,IF(C130="","=",C130),D$2:D130,IF(D130="","=",D130),E$2:E130,IF(E130="","=",E130),F$2:F130,F130,G$2:G130,IF(G130="","=",G130),H$2:H130,H130) -> 1 | K130: =IF(OR(C130="",G130="",NOT(ISNUMBER(G130)),AND(ISNUMBER(G130),G130<=0)),"Needs Review","Valid") -> Valid
A131: C139 | B131: Cameron Johnson | C131: cameron.johnson139@example.com | D131: (404) 555-1139 | E131: Decatur | F131: 46274 | G131: 248.25 | H131: Cancelled | I131: =COUNTIF($A$2:$A$141,A131) -> 1 | J131: =COUNTIFS(A$2:A131,A131,B$2:B131,B131,C$2:C131,IF(C131="","=",C131),D$2:D131,IF(D131="","=",D131),E$2:E131,IF(E131="","=",E131),F$2:F131,F131,G$2:G131,IF(G131="","=",G131),H$2:H131,H131) -> 1 | K131: =IF(OR(C131="",G131="",NOT(ISNUMBER(G131)),AND(ISNUMBER(G131),G131<=0)),"Needs Review","Valid") -> Valid
A132: C111 | B132: Reese Brown | C132: reese.brown111@example.com | D132: (404) 555-1111 | E132: Decatur | F132: 46274 | G132: 243.93 | H132: Pending | I132: =COUNTIF($A$2:$A$141,A132) -> 1 | J132: =COUNTIFS(A$2:A132,A132,B$2:B132,B132,C$2:C132,IF(C132="","=",C132),D$2:D132,IF(D132="","=",D132),E$2:E132,IF(E132="","=",E132),F$2:F132,F132,G$2:G132,IF(G132="","=",G132),H$2:H132,H132) -> 1 | K132: =IF(OR(C132="",G132="",NOT(ISNUMBER(G132)),AND(ISNUMBER(G132),G132<=0)),"Needs Review","Valid") -> Valid
A133: C025 | B133: Alex Wilson | C133: alex.wilson25@example.com | D133: (404) 555-1025 | E133: Atlanta | F133: 46276 | G133: 309.2 | H133: Pending | I133: =COUNTIF($A$2:$A$141,A133) -> 1 | J133: =COUNTIFS(A$2:A133,A133,B$2:B133,B133,C$2:C133,IF(C133="","=",C133),D$2:D133,IF(D133="","=",D133),E$2:E133,IF(E133="","=",E133),F$2:F133,F133,G$2:G133,IF(G133="","=",G133),H$2:H133,H133) -> 1 | K133: =IF(OR(C133="",G133="",NOT(ISNUMBER(G133)),AND(ISNUMBER(G133),G133<=0)),"Needs Review","Valid") -> Valid
A134: C127 | B134: Blake Thompson | C134: blake.thompson127@example.com | D134: (404) 555-1127 | E134: Smyrna | F134: 46279 | G134: 149.17 | H134: Processing | I134: =COUNTIF($A$2:$A$141,A134) -> 1 | J134: =COUNTIFS(A$2:A134,A134,B$2:B134,B134,C$2:C134,IF(C134="","=",C134),D$2:D134,IF(D134="","=",D134),E$2:E134,IF(E134="","=",E134),F$2:F134,F134,G$2:G134,IF(G134="","=",G134),H$2:H134,H134) -> 1 | K134: =IF(OR(C134="",G134="",NOT(ISNUMBER(G134)),AND(ISNUMBER(G134),G134<=0)),"Needs Review","Valid") -> Valid
A135: C056 | B135: Reese White | C135: reese.white56@example.com | D135: (404) 555-1056 | E135: Kennesaw | F135: 46283 | G135: 157.88 | H135: completed | I135: =COUNTIF($A$2:$A$141,A135) -> 1 | J135: =COUNTIFS(A$2:A135,A135,B$2:B135,B135,C$2:C135,IF(C135="","=",C135),D$2:D135,IF(D135="","=",D135),E$2:E135,IF(E135="","=",E135),F$2:F135,F135,G$2:G135,IF(G135="","=",G135),H$2:H135,H135) -> 1 | K135: =IF(OR(C135="",G135="",NOT(ISNUMBER(G135)),AND(ISNUMBER(G135),G135<=0)),"Needs Review","Valid") -> Valid
A136: C140 | B136: Alex Williams | C136: alex.williams140@example.com | D136: (404) 555-1140 | E136: Smyrna | F136: 46285 | G136: 250.12 | H136: Processing | I136: =COUNTIF($A$2:$A$141,A136) -> 1 | J136: =COUNTIFS(A$2:A136,A136,B$2:B136,B136,C$2:C136,IF(C136="","=",C136),D$2:D136,IF(D136="","=",D136),E$2:E136,IF(E136="","=",E136),F$2:F136,F136,G$2:G136,IF(G136="","=",G136),H$2:H136,H136) -> 1 | K136: =IF(OR(C136="",G136="",NOT(ISNUMBER(G136)),AND(ISNUMBER(G136),G136<=0)),"Needs Review","Valid") -> Valid
A137: C066 | B137: Jordan Harris | C137: jordan.harris66@example.com | D137: (404) 555-1066 | E137: Douglasville | F137: 46289 | G137: 22.87 | H137: Processing | I137: =COUNTIF($A$2:$A$141,A137) -> 1 | J137: =COUNTIFS(A$2:A137,A137,B$2:B137,B137,C$2:C137,IF(C137="","=",C137),D$2:D137,IF(D137="","=",D137),E$2:E137,IF(E137="","=",E137),F$2:F137,F137,G$2:G137,IF(G137="","=",G137),H$2:H137,H137) -> 1 | K137: =IF(OR(C137="",G137="",NOT(ISNUMBER(G137)),AND(ISNUMBER(G137),G137<=0)),"Needs Review","Valid") -> Valid
A138: C033 | B138: Parker Thompson | C138: parker.thompson33@example.com | D138: (404) 555-1033 | E138: Roswell | F138: 46289 | G138: 30.98 | H138: Cancelled | I138: =COUNTIF($A$2:$A$141,A138) -> 1 | J138: =COUNTIFS(A$2:A138,A138,B$2:B138,B138,C$2:C138,IF(C138="","=",C138),D$2:D138,IF(D138="","=",D138),E$2:E138,IF(E138="","=",E138),F$2:F138,F138,G$2:G138,IF(G138="","=",G138),H$2:H138,H138) -> 1 | K138: =IF(OR(C138="",G138="",NOT(ISNUMBER(G138)),AND(ISNUMBER(G138),G138<=0)),"Needs Review","Valid") -> Valid
A139: C038 | B139: Quinn Harris | D139: (404) 555-1038 | E139: Sandy Springs | F139: 46290 | G139: 26.07 | H139: Processing | I139: =COUNTIF($A$2:$A$141,A139) -> 1 | J139: =COUNTIFS(A$2:A139,A139,B$2:B139,B139,C$2:C139,IF(C139="","=",C139),D$2:D139,IF(D139="","=",D139),E$2:E139,IF(E139="","=",E139),F$2:F139,F139,G$2:G139,IF(G139="","=",G139),H$2:H139,H139) -> 1 | K139: =IF(OR(C139="",G139="",NOT(ISNUMBER(G139)),AND(ISNUMBER(G139),G139<=0)),"Needs Review","Valid") -> Needs Review
A140: C040 | B140: Parker Davis | C140: parker.davis40@example.com | D140: (404) 555-1040 | E140: Marietta | F140: 46291 | G140: 253.04 | H140: cancelled | I140: =COUNTIF($A$2:$A$141,A140) -> 1 | J140: =COUNTIFS(A$2:A140,A140,B$2:B140,B140,C$2:C140,IF(C140="","=",C140),D$2:D140,IF(D140="","=",D140),E$2:E140,IF(E140="","=",E140),F$2:F140,F140,G$2:G140,IF(G140="","=",G140),H$2:H140,H140) -> 1 | K140: =IF(OR(C140="",G140="",NOT(ISNUMBER(G140)),AND(ISNUMBER(G140),G140<=0)),"Needs Review","Valid") -> Valid
A141: C039 | B141: Dakota Jackson | C141: dakota.jackson39@example.com | D141: (404) 555-1039 | E141: Marietta | F141: 46293 | G141: 120.47 | H141: Processing | I141: =COUNTIF($A$2:$A$141,A141) -> 1 | J141: =COUNTIFS(A$2:A141,A141,B$2:B141,B141,C$2:C141,IF(C141="","=",C141),D$2:D141,IF(D141="","=",D141),E$2:E141,IF(E141="","=",E141),F$2:F141,F141,G$2:G141,IF(G141="","=",G141),H$2:H141,H141) -> 1 | K141: =IF(OR(C141="",G141="",NOT(ISNUMBER(G141)),AND(ISNUMBER(G141),G141<=0)),"Needs Review","Valid") -> Valid

Sheet Data Validation
A1: Data Validation Report
A3: Validation Check | B3: Result
A4: Missing Customer IDs | B4: =COUNTBLANK('Cleaned Data'!A2:A141) -> 0
A5: Missing Email Adrresses | B5: =COUNTBLANK('Cleaned Data'!C2:C141) -> 7
A6: Invalid Order Amounts | B6: =COUNTBLANK('Cleaned Data'!G2:G141)+COUNTIF('Cleaned Data'!G2:G141,"<0") -> 4
A7: Invalid Order Statuses | B7: =COUNTIFS('Cleaned Data'!H2:H141,"<>Completed",'Cleaned Data'!H2:H141,"<>Pending",'Cleaned Data'!H2:H141,"<>Processing",'Cleaned Data'!H2:H141,"<>Cancelled") -> 0
A8: Total Validation Issues | B8: =SUM(B4:B7) -> 11

Sheet Audit Summary
A1: SUMMIT RETAIL | DATA QUALITY AUDIT
A3: Total Records | B3: =COUNTA('Cleaned Data'!A2:A141) -> 140
A4: Records with Repeated IDs | B4: =COUNTIF(tbl_CleanedData[Duplicate Check],">1") -> 0
A5: Original Exact Duplicate Rows | B5: 9
A6: Records Removed | B6: =150-B3 -> 10
A8: Completed Order Revenue | B8: =SUMIF('Cleaned Data'!H2:H141,"Completed",'Cleaned Data'!G2:G141) -> 5949.12
A10: Customer ID Lookup | B10: C109
A11: Customer Name | B11: =_xlfn.XLOOKUP(B10,'Cleaned Data'!A2:A141,'Cleaned Data'!B2:B141,"Not Found") -> Dakota Jackson
A13: Data Quality Reviiew
A14: Records Needing Review | B14: =COUNTIF('Cleaned Data'!K2:K141,"Needs Review") -> 11
A15: Valid Records | B15: =COUNTIF('Cleaned Data'!K2:K141,"Valid") -> 129
A17: Remaining Exact Duplicates | B17: =COUNTIF('Cleaned Data'!J2:J141,">1") -> 0
A19: Audit Notes
A20: Seven records contain missing email addresses, and four records contain missing order amounts. All 11 affected records have been flagged for manual review. No remaining exact duplicate records were detected.
